{
 "nodes": [
 {
 "id": "Mitochondrial Electron Transport Chain",
"label": "Mitochondrial Electron Transport Chain",
"size": 11.54701,
"color": "#FF0000",
"x": 3.645224,
"y": -0.2647859 
},
{
 "id": "Phenylalanine and Tyrosine Metabolism",
"label": "Phenylalanine and Tyrosine Metabolism",
"size":  6.90625,
"color": "#FF2A00",
"x": 0.7993332,
"y": 2.133841 
},
{
 "id": "Citric Acid Cycle",
"label": "Citric Acid Cycle",
"size":  6.90625,
"color": "#FF5500",
"x": 2.694934,
"y": 0.03649446 
},
{
 "id": "Urea Cycle",
"label": "Urea Cycle",
"size":  6.30033,
"color": "#FF8000",
"x": 2.652034,
"y": 1.280364 
},
{
 "id": "Tyrosine Metabolism",
"label": "Tyrosine Metabolism",
"size": 5.857143,
"color": "#FFAA00",
"x": -0.0258999,
"y": 1.574635 
},
{
 "id": "Aspartate Metabolism",
"label": "Aspartate Metabolism",
"size": 5.857143,
"color": "#FFD500",
"x":  1.92203,
"y": 2.124759 
},
{
 "id": "Arginine and Proline Metabolism",
"label": "Arginine and Proline Metabolism",
"size": 5.386635,
"color": "#FFFF00",
"x": 2.904985,
"y": 2.262279 
},
{
 "id": "Warburg Effect",
"label": "Warburg Effect",
"size": 5.386635,
"color": "#FFFF40",
"x": 2.048699,
"y": -0.8597269 
},
{
 "id": "Purine Metabolism",
"label": "Purine Metabolism",
"size": 4.949318,
"color": "#FFFFBF",
"x": 0.1289344,
"y": -0.5615696 
} 
],
"edges": [ {
 "id": "1",
"source": "Mitochondrial Electron Transport Chain",
"target": "Citric Acid Cycle" 
},
{
 "id": "2",
"source": "Citric Acid Cycle",
"target": "Urea Cycle" 
},
{
 "id": "3",
"source": "Phenylalanine and Tyrosine Metabolism",
"target": "Tyrosine Metabolism" 
},
{
 "id": "4",
"source": "Phenylalanine and Tyrosine Metabolism",
"target": "Aspartate Metabolism" 
},
{
 "id": "5",
"source": "Urea Cycle",
"target": "Aspartate Metabolism" 
},
{
 "id": "6",
"source": "Urea Cycle",
"target": "Arginine and Proline Metabolism" 
},
{
 "id": "7",
"source": "Aspartate Metabolism",
"target": "Arginine and Proline Metabolism" 
},
{
 "id": "8",
"source": "Citric Acid Cycle",
"target": "Warburg Effect" 
} ] 
}